WPS Index Rank,Country,Code,"Women, Peace, and Security Index",Region,Education,Employment,Financial Inclusion,Cell Phone Use,Parliamentary Representation,Absence of Legal Discrimination,Access to Justice,Maternal Mortality Ratio,Son Bias,Intimate partner violence ,Community Safety,Political Violence Targeting Women,Proximity to Conflict,region,population,area_km2,gdp_usd_billions,income_level,_merge
1,Denmark,DNK,0.939,DC,13.2,77.9,100.0,100.0,43.6,100.0,4.0,4.0,105.6,3.3,85.0,0.0,0.0,Europe,1373168606,3735950,625.4,Low,both
2,Iceland,ISL,0.932,DC,13.9,83.7,100.0,100.0,46.0,100.0,3.4,3.0,105.9,2.8,82.0,0.0,0.0,Europe,590630971,8217507,5580.3,Upper Middle,both
3,Norway,NOR,0.924,DC,13.1,78.6,100.0,100.0,44.4,96.9,3.7,1.0,106.1,4.4,86.0,0.0,0.0,Europe,220116707,2917483,14762.4,High,both
3,Sweden,SWE,0.924,DC,12.8,82.2,100.0,100.0,45.0,100.0,3.7,4.0,105.6,6.3,74.0,0.0,0.0,Europe,68262793,1000128,2342.5,High,both
5,Finland,FIN,0.921,DC,13.1,78.4,99.1,100.0,45.5,97.5,3.5,8.0,105.2,8.1,78.0,0.0,0.0,Europe,499645468,16957209,15050.5,High,both
6,Luxembourg,LUX,0.918,DC,12.8,74.4,98.2,93.0,35.0,100.0,3.8,11.0,105.3,3.5,86.0,0.0,0.0,Europe,1205274595,6672184,17900.5,High,both
7,Belgium,BEL,0.912,DC,12.3,71.6,98.7,95.0,43.1,100.0,3.9,4.0,104.9,4.8,63.0,0.0,0.0,Europe,1170262923,14077049,5511.1,Upper Middle,both
8,Netherlands,NLD,0.905,DC,12.4,79.5,99.5,95.0,39.6,100.0,3.4,4.0,105.3,5.1,69.0,0.0,0.0,Europe,1265448422,9334831,20235.8,High,both
9,Austria,AUT,0.898,DC,12.0,74.7,100.0,95.0,38.7,96.9,3.0,6.0,105.5,3.6,82.0,0.0,0.0,Europe,13965983,5357577,17453.5,High,both
9,New Zealand,NZL,0.898,DC,12.9,79.5,99.2,95.0,45.5,97.5,3.6,7.0,105.3,4.2,47.0,0.0,0.0,Oceania,730692427,9324115,3887.1,Upper Middle,both
11,Australia,AUS,0.896,DC,12.9,76.5,100.0,95.0,44.9,96.9,3.5,2.0,105.6,2.9,52.0,0.0,0.0,Oceania,722841292,3429907,2318.7,Lower Middle,both
11,Estonia,EST,0.896,CEE&CA,13.8,82.5,99.6,100.0,28.7,97.5,3.5,5.0,106.1,4.2,75.0,0.0,0.0,Europe,207706843,12045649,21187.4,High,both
13,Ireland,IRL,0.891,DC,11.9,75.8,99.5,95.0,30.3,100.0,3.7,4.0,105.6,3.3,68.0,0.0,0.0,Europe,1296501777,8876147,20178.2,High,both
14,Slovenia,SVN,0.889,CEE&CA,12.8,77.4,98.2,97.0,30.0,96.9,3.6,3.0,106.3,3.4,79.0,0.0,0.0,Europe,986617411,4188770,24327.9,High,both
15,Lithuania,LTU,0.887,CEE&CA,13.6,80.4,90.4,100.0,28.4,93.8,3.5,8.0,105.2,5.2,65.0,0.0,0.0,Europe,812906393,2644395,13801.1,High,both
16,Canada,CAN,0.885,DC,13.9,75.5,99.5,88.0,36.0,100.0,3.0,12.0,105.5,2.6,63.0,0.0,0.0,Americas,1350003687,12134757,14433.8,Upper Middle,both
17,Latvia,LVA,0.884,CEE&CA,13.6,77.8,97.6,100.0,31.0,100.0,3.8,19.0,106.3,6.3,65.0,0.0,0.0,Europe,149378553,1537911,16531.6,High,both
17,Singapore,SGP,0.884,DC,11.7,76.6,96.9,100.0,29.6,82.5,3.2,6.0,106.0,2.4,97.0,0.0,0.0,Asia,621465910,2677674,21383.0,High,both
19,Switzerland,CHE,0.877,DC,13.5,80.1,99.0,91.0,37.8,88.1,3.9,5.0,105.1,1.7,84.0,0.0,0.0,Europe,216908920,12755219,6949.4,High,both
20,United Arab Emirates,ARE,0.872,MENA,13.4,59.0,86.7,100.0,50.0,82.5,2.1,3.0,104.5,8.2,91.0,0.0,0.0,Asia,1365131943,12242036,4066.4,Lower Middle,both
21,Germany,DEU,0.869,DC,14.0,78.5,100.0,96.0,32.6,100.0,3.9,4.0,105.6,5.1,78.0,0.0,0.0,Europe,762948025,7030189,16754.4,High,both
22,Japan,JPN,0.866,DC,12.5,78.6,98.8,92.0,19.0,78.8,3.6,3.0,105.1,3.9,71.0,0.0,0.0,Asia,1391655397,2396170,15228.3,Upper Middle,both
23,France,FRA,0.864,DC,11.4,74.1,100.0,96.0,36.5,100.0,3.4,7.0,105.0,5.0,70.0,0.0,0.0,Europe,367527440,8214791,4085.1,Upper Middle,both
23,United Kingdom,GBR,0.864,DC,13.6,75.8,99.9,95.0,34.7,97.5,3.0,8.0,105.5,4.2,73.0,0.0,0.0,Europe,814884363,9058245,24738.1,High,both
25,Spain,ESP,0.862,DC,10.5,69.0,97.5,98.0,43.5,100.0,3.8,3.0,106.5,2.9,75.0,0.0,0.0,Europe,1374399012,7369362,17115.4,Upper Middle,both
26,Portugal,PRT,0.861,DC,9.6,78.6,90.2,94.0,34.8,100.0,3.0,15.0,105.7,4.4,68.0,0.0,0.0,Europe,120135830,7685877,20545.1,High,both
27,Poland,POL,0.854,CEE&CA,13.3,74.5,95.7,95.0,29.1,93.8,2.8,2.0,106.1,3.1,60.0,0.0,0.0,Europe,677440270,13461156,6693.6,Upper Middle,both
27,Taiwan,TWN,0.854,EAP,10.3,65.6,93.6,95.0,41.6,83.3,3.4,13.0,106.7,6.5,82.0,0.0,0.0,Asia,453092198,10559137,5315.7,Upper Middle,both
29,Serbia,SRB,0.844,CEE&CA,11.0,71.5,89.8,93.0,37.2,93.8,3.1,11.0,106.9,3.9,69.0,0.0,0.0,Europe,1072100968,13275503,22117.1,High,both
30,Malta,MLT,0.841,DC,12.0,76.1,95.3,96.0,29.1,91.3,3.3,8.0,106.8,4.0,56.0,0.0,0.0,Europe,1380523881,15396813,3571.9,Lower Middle,both
31,United States,USA,0.84,DC,14.0,71.2,96.8,99.0,28.3,91.3,3.4,17.0,104.9,6.0,58.0,0.0,0.0,Americas,299863838,8275745,18624.8,High,both
32,Czechia,CZE,0.832,CEE&CA,12.7,79.3,93.4,97.0,24.3,93.8,3.5,3.0,105.4,4.1,70.0,0.0,0.0,Europe,1157454916,8816445,18675.4,High,both
32,Hungary,HUN,0.832,CEE&CA,12.1,80.1,86.9,96.0,15.2,93.8,3.0,12.0,105.9,5.7,65.0,0.0,0.0,Europe,920064627,13401957,9050.0,Upper Middle,both
34,Costa Rica,CRI,0.824,LAC,8.9,55.9,61.1,94.0,49.1,91.9,3.5,24.0,104.6,7.2,44.0,0.0,0.0,Americas,297075154,17097165,12337.9,High,both
35,Uruguay,URY,0.822,LAC,10.8,71.8,75.7,96.0,29.2,88.8,3.3,15.0,105.5,4.3,40.0,0.0,0.0,Americas,101191642,3679514,3821.1,High,both
36,Moldova,MDA,0.821,CEE&CA,11.9,78.1,62.9,90.0,40.0,90.6,2.8,19.0,106.2,9.1,58.0,0.0,0.0,Europe,343568720,14165637,14910.3,High,both
37,South Korea,KOR,0.815,DC,12.1,67.8,98.7,96.0,20.3,88.1,3.3,4.0,105.9,8.0,72.0,0.0,0.0,Asia,826291506,12805318,14897.3,High,both
38,Bulgaria,BGR,0.814,CEE&CA,11.5,76.9,84.3,91.0,21.3,90.6,2.4,6.0,106.0,5.9,64.0,0.0,0.0,Europe,1005139473,8436357,24277.0,High,both
39,Italy,ITA,0.811,DC,10.6,60.1,97.1,99.0,33.9,97.5,3.7,6.0,105.9,3.5,44.0,0.0,0.0,Europe,24665304,3844018,17042.8,High,both
40,Seychelles,SYC,0.81,SSA,11.0,77.9,76.5,87.3,28.6,76.3,3.9,42.0,103.6,10.2,58.6,0.0,0.0,Africa,1153145002,8953467,19215.0,High,both
41,Hong Kong,HKG,0.809,EAP,12.0,67.7,98.2,98.0,18.9,91.9,2.2,29.5,107.7,2.5,92.0,0.0,0.0,Asia,730531271,3743369,7337.6,Upper Middle,both
42,Barbados,BRB,0.807,LAC,10.4,76.7,83.6,93.7,29.4,80.0,3.1,35.0,103.5,6.2,56.4,0.0,0.0,Americas,339651189,15224741,81.2,Low,both
43,Romania,ROU,0.801,CEE&CA,11.3,63.5,65.7,95.0,21.7,90.6,2.8,12.0,105.6,6.9,59.0,0.0,0.0,Europe,565633665,16797182,19049.1,High,both
44,Mongolia,MNG,0.799,EAP,9.9,63.4,99.0,99.0,25.4,90.6,2.5,41.0,104.4,11.5,46.0,0.0,0.0,Asia,1090248094,3570854,21763.0,High,both
45,Georgia,GEO,0.798,CEE&CA,12.8,63.9,70.7,96.0,22.0,88.1,2.4,20.0,106.6,2.9,79.0,0.0,10.6,Asia,640915300,17034639,15224.3,High,both
46,Slovakia,SVK,0.797,CEE&CA,12.9,77.1,94.0,97.0,23.3,87.5,3.2,4.0,105.5,5.9,58.0,0.0,0.0,Europe,328229838,12546766,19062.8,High,both
47,Argentina,ARG,0.791,LAC,11.4,67.3,73.8,91.0,43.2,79.4,2.8,33.0,105.1,4.5,41.0,0.0,0.0,Americas,1158317633,19489,14973.7,Upper Middle,both
48,Croatia,HRV,0.788,CEE&CA,11.9,73.7,90.0,97.0,33.1,93.8,3.0,3.0,106.0,4.0,69.0,0.1,0.0,Europe,1049282770,653831,2796.8,Lower Middle,both
49,Grenada,GRD,0.787,LAC,9.3,70.4,77.1,92.5,31.0,80.6,2.4,48.0,103.9,7.8,60.6,0.0,0.0,Americas,779505258,10318761,5986.4,Upper Middle,both
49,North Macedonia,MKD,0.787,CEE&CA,9.6,56.2,79.9,94.0,39.2,85.0,2.3,3.0,107.6,4.2,68.0,0.0,0.0,Europe,517277796,2642948,2141.4,Lower Middle,both
51,Suriname,SUR,0.779,LAC,9.2,53.9,70.9,91.5,31.4,76.9,3.1,84.0,104.0,7.7,63.6,0.0,0.0,Americas,1043666560,2322686,24449.6,High,both
52,Cyprus,CYP,0.77,CEE&CA,12.4,76.4,92.7,100.0,14.3,96.9,3.7,14.0,106.5,3.1,59.0,0.1,0.0,Europe,1143987779,4220122,3209.9,Lower Middle,both
52,Guyana,GUY,0.77,LAC,8.6,42.4,70.9,91.5,39.4,86.9,2.6,75.0,103.7,10.5,63.6,0.0,0.0,Americas,1020671135,5541041,6626.5,Upper Middle,both
54,Paraguay,PRY,0.768,LAC,8.9,66.2,55.3,94.0,23.2,94.4,2.2,58.0,105.0,5.5,44.0,0.0,0.0,Americas,1302660515,14198453,24109.1,High,both
55,Bahrain,BHR,0.765,MENA,12.1,48.4,75.4,100.0,22.5,68.1,1.4,17.0,103.8,8.2,87.0,0.0,0.0,Asia,1158139533,6749809,17823.8,High,both
56,Armenia,ARM,0.762,CEE&CA,11.3,62.4,52.2,94.0,38.3,90.6,3.1,19.0,108.3,4.6,79.0,0.0,42.1,Asia,856839437,12530212,10952.6,Upper Middle,both
57,Thailand,THA,0.761,EAP,8.9,76.5,92.7,90.0,20.4,78.1,1.9,34.0,106.4,9.3,59.0,0.0,2.8,Asia,1111495658,15149661,3025.2,Lower Middle,both
58,Oman,OMN,0.755,MENA,12.1,45.6,63.5,100.0,10.2,46.3,2.6,13.0,104.4,8.2,90.0,0.0,0.0,Asia,482543863,2148652,8452.2,High,both
59,Bosnia and Herzegovina,BIH,0.753,CEE&CA,10.3,51.6,70.4,88.0,15.8,85.0,2.4,6.0,106.7,3.4,62.0,0.0,0.0,Europe,1263393345,7721669,14711.0,Upper Middle,both
60,Greece,GRC,0.752,DC,11.1,61.9,93.4,92.0,23.3,100.0,3.2,5.0,106.4,5.1,51.0,0.1,0.0,Europe,15452219,2382432,17696.1,High,both
61,Montenegro,MNE,0.743,CEE&CA,12.2,63.1,67.6,94.0,27.2,85.0,2.8,6.0,106.7,4.4,85.0,0.3,0.0,Europe,126440448,7682311,1685.1,Upper Middle,both
62,Cabo Verde,CPV,0.741,SSA,5.8,58.4,54.8,71.0,44.4,86.3,2.6,40.0,103.3,10.9,58.0,0.0,0.0,Africa,67468813,11087640,1771.5,High,both
63,Belarus,BLR,0.739,CEE&CA,12.1,80.8,81.3,88.0,32.7,75.6,1.0,1.0,105.9,6.3,56.0,0.0,0.0,Europe,511121062,9344446,16724.5,High,both
63,Chile,CHL,0.739,LAC,11.2,64.0,86.6,96.0,32.8,80.0,3.1,10.0,104.3,5.8,34.0,0.1,0.0,Americas,460080045,4439948,18083.8,High,both
63,Palau,PLW,0.739,EAP,13.3,74.5,82.2,95.0,19.4,56.3,2.4,89.0,107.7,13.8,74.9,0.0,0.0,Oceania,1226315709,15860507,6075.0,Upper Middle,both
63,Saudi Arabia,SAU,0.739,MENA,10.7,54.5,63.5,100.0,19.9,71.3,1.4,7.0,105.1,8.2,87.0,0.0,5.1,Asia,1015711648,13658965,4760.3,Upper Middle,both
67,Malaysia,MYS,0.738,EAP,11.0,60.6,87.5,94.0,14.0,60.6,2.6,26.0,106.5,7.4,36.0,0.0,0.0,Asia,208167333,14463977,8857.5,High,both
68,Albania,ALB,0.731,CEE&CA,9.9,70.4,45.7,92.0,35.7,91.3,3.1,7.0,106.8,6.2,60.0,0.1,0.0,Europe,882845422,15671047,21595.9,High,both
68,Fiji,FJI,0.731,EAP,10.4,44.4,75.9,93.9,9.1,82.5,3.1,30.0,107.1,23.2,77.9,0.0,0.0,Oceania,116341731,3302655,1515.4,Upper Middle,both
70,Kuwait,KWT,0.723,MENA,8.4,40.0,73.5,100.0,3.1,38.1,2.7,8.0,104.7,8.2,84.0,0.0,0.0,Asia,728656787,3666760,6216.5,Upper Middle,both
70,Qatar,QAT,0.723,MENA,12.7,65.5,61.6,91.9,4.4,35.6,2.4,4.0,104.1,8.2,64.5,0.0,0.0,Asia,408480519,15053272,3504.6,Upper Middle,both
72,Kazakhstan,KAZ,0.722,CEE&CA,12.6,75.3,83.6,91.0,18.9,75.6,1.7,10.0,106.4,6.0,60.0,0.0,0.0,Asia,394047563,9346724,11565.8,High,both
73,Viet Nam,VNM,0.721,EAP,8.5,82.6,52.8,98.0,31.4,88.1,2.1,48.0,110.6,9.5,86.0,0.0,0.0,Asia,161897817,14869300,20200.6,High,both
74,Turkmenistan,TKM,0.72,CEE&CA,10.8,57.5,35.5,89.0,25.6,78.5,0.7,5.0,106.7,8.4,91.0,0.0,0.0,Asia,1181824609,3285571,1264.8,Low,both
75,Russian Federation,RUS,0.718,CEE&CA,12.5,77.1,90.1,100.0,17.0,73.1,1.4,9.0,105.7,6.1,61.0,0.0,25.3,Europe,1160913744,495491,24224.9,High,both
76,Puerto Rico,PRI,0.707,LAC,13.2,41.9,66.1,93.0,35.0,83.8,2.6,11.0,105.2,6.6,40.0,0.6,0.0,Americas,507631088,5580774,10160.4,High,both
77,Sri Lanka,LKA,0.706,SA,10.7,40.0,89.3,87.0,9.8,65.6,2.4,18.0,104.4,4.1,57.0,0.0,0.0,Asia,1033719343,7172469,21616.3,High,both
78,Maldives,MDV,0.704,SA,7.4,53.2,74.2,83.7,3.2,73.8,2.0,32.0,105.1,6.1,43.0,0.0,0.0,Asia,125928568,5524605,9474.4,High,both
79,Jamaica,JAM,0.703,LAC,10.2,75.9,71.6,93.0,31.3,74.4,3.1,130.0,103.9,7.3,60.0,1.3,0.0,Americas,838434338,8899037,23163.0,High,both
80,Bolivia,BOL,0.701,LAC,9.2,79.2,63.3,86.0,48.2,88.8,2.0,146.0,104.2,18.3,43.0,0.0,1.8,Americas,977133037,9571675,10575.2,Upper Middle,both
80,Peru,PER,0.701,LAC,9.6,71.2,53.0,85.0,41.5,95.0,2.1,51.0,104.1,11.1,38.0,0.1,3.5,Americas,1193513386,16330282,3870.0,Lower Middle,both
82,Kosovo,XKX,0.7,"CEE&CA, FS",8.4,22.8,47.4,97.0,36.7,91.9,2.5,175.5,106.9,11.9,85.0,0.0,32.5,Europe,637185209,7305129,24217.7,High,both
83,Lao PDR,LAO,0.698,EAP,5.1,68.7,37.9,85.0,22.0,85.6,1.5,112.0,105.3,8.0,56.0,0.0,0.0,Asia,1243790192,2045696,18699.4,High,both
84,Israel,ISR,0.697,DC,13.6,76.8,91.9,96.0,24.2,80.6,2.9,2.0,105.5,5.6,63.0,0.0,99.6,Asia,122771493,1682797,14604.5,High,both
84,Kyrgyzstan,KGZ,0.697,CEE&CA,11.8,53.4,43.8,95.0,22.2,76.9,2.5,42.0,105.6,13.3,71.0,0.1,0.0,Asia,1079872962,5282865,1422.1,Lower Middle,both
86,Panama,PAN,0.696,LAC,10.8,60.9,43.1,84.0,21.7,79.4,2.9,37.0,105.3,7.8,54.0,0.1,0.0,Americas,1090563393,2688394,21283.6,High,both
87,El Salvador,SLV,0.691,LAC,7.0,58.2,29.2,86.0,31.7,88.8,0.8,39.0,104.8,5.7,85.0,0.0,0.0,Americas,147158436,2280688,16880.3,High,both
88,Jordan,JOR,0.686,MENA,9.7,16.0,34.1,87.0,17.9,59.4,2.7,31.0,104.9,13.5,68.0,0.0,0.0,Asia,505106523,13548759,2997.3,Upper Middle,both
89,China,CHN,0.685,EAP,7.6,57.7,87.3,100.0,26.5,78.1,1.9,16.0,110.3,7.6,93.0,0.0,0.0,Asia,1223378636,8261916,14473.0,Upper Middle,both
89,Samoa,WSM,0.685,EAP,11.8,37.6,69.8,86.7,13.0,75.0,2.1,101.0,107.6,17.8,74.2,0.0,0.0,Oceania,85354575,2751206,10480.7,High,both
89,Tajikistan,TJK,0.685,CEE&CA,10.9,28.8,39.4,68.0,26.6,78.8,0.7,14.0,106.3,14.0,93.0,0.0,0.0,Asia,1253436694,10615910,23367.7,High,both
89,Tonga,TON,0.685,EAP,10.9,56.2,75.9,93.9,10.0,58.8,2.0,67.0,108.1,16.9,77.9,0.0,0.0,Oceania,438653292,10542561,5967.2,Upper Middle,both
89,Trinidad and Tobago,TTO,0.685,LAC,10.9,61.1,73.6,92.0,29.2,75.0,2.9,54.0,104.0,7.5,42.0,3.0,0.0,Americas,849953635,4391846,16792.3,High,both
94,Gabon,GAB,0.679,SSA,10.5,59.7,61.3,89.0,23.4,95.0,2.9,233.0,102.1,22.0,34.0,0.0,0.0,Africa,644248817,15342210,7904.5,Upper Middle,both
94,Mauritius,MUS,0.679,SSA,10.0,57.7,89.4,93.0,17.9,89.4,2.5,66.0,103.5,11.4,53.0,0.3,0.0,Africa,155795153,312874,11457.2,High,both
96,Indonesia,IDN,0.678,EAP,8.2,59.5,52.3,75.0,21.9,70.6,2.3,140.0,106.0,8.9,74.0,0.0,9.4,Asia,1209029634,3355114,1831.6,Lower Middle,both
97,Dominican Republic,DOM,0.675,LAC,9.2,61.4,49.0,90.0,33.3,86.3,1.9,124.0,104.4,9.6,40.0,0.1,0.0,Americas,457755397,16974973,6630.1,High,both
98,Uzbekistan,UZB,0.674,CEE&CA,11.8,44.7,38.8,77.0,34.0,82.5,1.8,26.0,107.8,11.2,81.0,0.0,0.0,Asia,749500764,2308553,21981.8,High,both
99,Bhutan,BTN,0.673,SA,5.2,68.4,27.7,69.7,6.9,75.0,2.8,47.0,104.8,8.6,59.0,0.0,0.0,Asia,793563385,9562890,3943.8,Upper Middle,both
100,Tunisia,TUN,0.671,MENA,7.0,27.8,28.7,86.0,14.8,64.4,3.2,36.0,105.0,10.1,55.0,0.0,7.0,Africa,1166561686,10151090,15292.0,Upper Middle,both
101,Marshall Islands,MHL,0.67,"EAP, FS",11.5,43.0,65.4,87.9,12.1,65.6,2.0,155.0,107.0,19.3,70.7,0.0,0.0,Oceania,1135901495,262799,16696.6,High,both
102,Morocco,MAR,0.668,MENA,5.3,21.3,32.7,82.0,21.4,75.6,3.0,70.0,104.7,10.5,57.0,0.0,0.0,Africa,1191009339,10045783,23293.9,High,both
102,Timor-Leste,TLS,0.668,"EAP, FS",5.8,52.7,58.6,77.4,35.4,86.3,2.1,192.0,107.1,28.2,64.8,0.0,0.0,Asia,222460317,4506362,6611.7,High,both
104,Belize,BLZ,0.667,LAC,9.0,60.9,52.3,84.0,19.6,82.5,2.1,67.0,105.1,7.8,66.0,1.5,0.0,Americas,229868004,5216266,6808.8,High,both
104,Cambodia,KHM,0.667,EAP,4.4,82.9,32.5,79.0,15.5,81.3,1.2,137.0,105.3,9.1,54.0,0.0,0.0,Asia,1298872165,7067858,17940.3,Upper Middle,both
106,Türkiye,TUR,0.664,CEE&CA,7.9,39.6,62.5,96.0,19.9,82.5,1.8,15.0,105.0,12.1,44.0,0.0,30.7,Asia,437231893,8858129,12635.3,High,both
107,Nicaragua,NIC,0.659,LAC,9.9,57.5,21.6,84.0,55.0,86.3,0.1,60.0,103.5,6.4,54.0,0.0,0.0,Americas,539288776,1704828,2307.6,Lower Middle,both
108,Botswana,BWA,0.658,SSA,9.7,60.1,53.9,90.0,8.7,63.8,3.0,155.0,103.2,17.1,27.0,0.0,0.0,Africa,909632041,9284147,1102.3,Lower Middle,both
108,Solomon Islands,SLB,0.658,"EAP, FS",5.5,90.0,58.6,77.4,6.0,56.9,3.0,123.0,107.0,28.1,64.8,0.0,0.0,Oceania,716317211,4389879,15927.9,High,both
110,Senegal,SEN,0.657,SSA,2.7,50.0,50.3,84.0,41.2,72.5,2.4,237.0,103.1,12.4,48.0,0.0,0.0,Africa,562554654,5422091,18530.8,High,both
111,Azerbaijan,AZE,0.653,CEE&CA,11.0,68.9,38.8,86.0,20.8,85.0,1.5,18.0,111.3,5.2,62.0,0.0,23.3,Asia,1184734684,14351091,14022.7,Upper Middle,both
112,Kiribati,KIR,0.652,"EAP, FS",9.3,42.9,58.6,77.4,11.1,76.3,2.0,80.0,107.1,25.2,64.8,0.0,0.0,Oceania,240257332,2525064,23626.3,High,both
113,Federated States of Micronesia,FSM,0.648,"EAP, FS",6.9,49.4,58.6,77.4,21.4,61.3,2.0,129.0,107.0,21.1,64.8,0.0,0.0,Oceania,320101645,1209203,20864.9,High,both
113,South Africa,ZAF,0.648,SSA,10.5,45.0,86.2,83.0,44.7,88.1,3.3,118.0,104.0,13.1,25.0,0.1,47.6,Africa,1250939768,4969502,10744.7,Upper Middle,both
115,Vanuatu,VUT,0.646,EAP,6.9,45.1,66.9,79.9,1.9,55.6,3.6,100.0,107.0,29.4,70.1,0.0,0.0,Oceania,89836799,10343733,9116.4,High,both
116,Ukraine,UKR,0.645,"CEE&CA, FS",11.4,67.7,80.7,100.0,21.2,85.0,2.4,15.0,106.2,8.7,51.0,0.0,92.0,Europe,85683587,12006385,5252.0,High,both
117,Ghana,GHA,0.639,SSA,6.1,75.8,62.6,86.0,14.6,75.0,2.7,234.0,103.8,10.2,62.0,0.1,5.9,Africa,535871027,3449481,8842.0,High,both
118,Venezuela,VEN,0.638,"LAC, FS",10.0,55.5,79.7,98.0,32.1,85.0,1.0,227.0,105.2,8.5,52.0,0.1,38.2,Americas,1202350699,13636062,24345.9,High,both
119,Brazil,BRA,0.632,LAC,8.6,60.5,80.9,91.0,18.4,85.0,2.6,67.0,104.5,6.5,40.0,0.3,44.5,Americas,331910766,7943886,21615.2,High,both
120,Nepal,NPL,0.631,SA,3.5,30.5,49.9,75.0,34.1,80.6,2.7,142.0,104.9,11.4,55.0,0.1,0.0,Asia,380227064,13834604,619.8,Lower Middle,both
121,Rwanda,RWA,0.624,SSA,4.5,51.3,45.0,67.0,61.3,91.9,2.2,229.0,102.6,23.5,76.0,0.0,17.6,Africa,713372851,13815101,20055.9,High,both
121,Tanzania,TZA,0.624,SSA,5.5,88.1,46.0,75.0,37.8,81.3,2.6,276.0,103.1,24.3,60.0,0.0,15.8,Africa,532945089,8952814,3980.0,Upper Middle,both
123,Algeria,DZA,0.621,MENA,6.5,17.8,31.2,100.0,6.8,57.5,2.5,62.0,104.6,10.5,71.0,0.0,2.6,Africa,232143587,12836270,21804.2,High,both
124,São Tomé and Príncipe,STP,0.62,"SSA, FS",5.2,21.5,49.5,70.7,14.6,83.1,2.7,75.0,102.7,18.1,55.7,0.0,0.0,Africa,1010809122,7463937,4989.4,Upper Middle,both
125,Egypt,EGY,0.617,MENA,7.9,20.1,24.2,74.0,23.0,50.6,2.3,17.0,105.5,15.1,76.0,0.0,52.1,Africa,988503674,11732889,7629.8,Upper Middle,both
126,Lesotho,LSO,0.614,SSA,8.4,54.7,62.4,80.0,24.2,80.6,2.7,478.0,102.8,16.5,29.0,0.0,0.0,Africa,488767597,7480373,591.7,Lower Middle,both
127,Ecuador,ECU,0.612,LAC,8.9,61.7,57.9,87.0,45.0,89.4,2.1,55.0,104.6,8.1,31.0,0.1,74.1,Americas,414753067,13370599,8206.6,High,both
128,Iran,IRN,0.608,SA,10.9,14.8,85.1,87.0,4.9,31.3,1.5,16.0,105.2,17.6,72.0,0.0,17.8,Asia,149089928,9366180,8778.7,High,both
128,Libya,LBY,0.608,"MENA, FS",8.4,36.1,59.6,100.0,16.5,50.0,0.8,59.0,105.7,12.7,77.0,0.0,34.2,Africa,1093950357,13411281,16988.0,High,both
128,Namibia,NAM,0.608,SSA,7.5,60.1,69.3,79.0,32.6,80.0,2.9,139.0,101.1,15.9,44.0,0.2,0.0,Africa,1151524515,11111845,23480.9,High,both
131,India,IND,0.607,SA,6.2,42.2,77.6,68.0,14.7,74.4,2.1,80.0,107.1,18.4,68.0,0.0,15.0,Asia,247704515,8765227,4464.3,High,both
131,Philippines,PHL,0.607,EAP,9.1,62.3,47.4,91.0,28.2,78.8,2.7,84.0,107.7,5.9,58.0,0.1,71.4,Asia,570094674,1283998,2710.2,Upper Middle,both
133,Angola,AGO,0.601,SSA,4.5,78.6,22.3,71.0,39.1,79.4,2.4,183.0,102.8,24.7,58.0,0.0,2.3,Africa,933228566,11599634,18213.7,High,both
133,Sierra Leone,SLE,0.601,SSA,2.4,62.6,24.8,52.0,29.5,92.5,2.8,354.0,103.4,19.8,50.0,0.0,0.0,Africa,673626911,14643248,15155.3,High,both
135,Comoros,COM,0.59,"SSA, FS",5.2,61.1,29.3,65.0,15.2,65.0,1.0,179.0,103.2,8.2,60.0,0.0,0.0,Africa,1098282662,3880728,9629.9,Upper Middle,both
135,Zimbabwe,ZWE,0.59,"SSA, FS",8.1,66.2,54.0,82.0,33.2,86.9,2.4,358.0,102.5,18.2,33.0,0.1,0.0,Africa,1238223398,6378285,6368.1,Upper Middle,both
137,Côte d'Ivoire,CIV,0.589,SSA,4.0,71.7,37.4,85.0,16.5,95.0,2.1,359.0,103.0,16.4,60.0,0.0,0.0,Africa,936436394,57049,12998.1,High,both
138,Benin,BEN,0.587,SSA,2.0,86.2,39.8,75.0,26.6,83.8,2.9,518.0,104.2,14.6,58.0,0.1,0.0,Africa,1156326854,6611701,9105.6,Upper Middle,both
138,Uganda,UGA,0.587,SSA,5.2,80.1,65.1,68.0,34.1,83.8,1.9,170.0,102.9,26.1,44.0,0.1,16.3,Africa,150277605,11079974,15578.9,High,both
140,Congo,COG,0.583,"SSA, FS",7.3,57.1,43.8,67.0,20.2,58.1,1.5,241.0,102.6,18.5,45.0,0.0,0.0,Africa,267640827,10077443,12678.1,High,both
141,Lebanon,LBN,0.575,"MENA, FS",13.1,30.9,16.6,90.0,6.3,58.8,1.9,15.0,105.3,14.7,44.0,0.0,100.0,Asia,877027098,10945182,10060.1,Upper Middle,both
142,Zambia,ZMB,0.566,SSA,6.6,66.5,45.0,74.0,15.0,81.3,2.1,85.0,101.1,27.8,35.0,0.0,0.0,Africa,634924704,4271369,4796.1,Upper Middle,both
143,Togo,TGO,0.562,SSA,4.5,83.8,44.3,77.0,18.4,97.5,1.2,349.0,102.8,12.7,43.0,0.0,16.4,Africa,814218287,5839688,15387.9,High,both
144,Guatemala,GTM,0.561,LAC,5.3,58.9,34.3,79.0,20.0,73.8,1.4,94.0,103.9,7.3,46.0,0.1,36.0,Americas,646294941,13625921,13698.5,High,both
144,Honduras,HND,0.561,LAC,6.8,44.6,28.9,83.0,27.3,75.0,1.9,47.0,105.1,7.2,54.0,0.7,63.6,Americas,881749,10196651,7172.9,High,both
146,Djibouti,DJI,0.56,MENA,2.7,16.0,8.8,66.2,26.2,71.3,2.2,162.0,103.7,17.5,58.5,0.0,0.0,Africa,923187764,10813189,11624.8,Upper Middle,both
147,Mexico,MEX,0.558,LAC,9.1,55.6,42.3,81.0,50.2,88.8,1.8,42.0,103.9,9.9,41.0,0.7,87.8,Americas,949540932,7170929,12779.4,Upper Middle,both
148,Eswatini,SWZ,0.556,SSA,8.5,42.6,69.2,85.0,28.8,46.3,1.7,118.0,102.9,17.7,32.0,0.0,100.0,Africa,364419490,2845566,7094.7,High,both
149,Colombia,COL,0.551,LAC,9.0,57.9,56.2,88.0,30.1,84.4,2.2,59.0,104.6,11.9,42.0,0.4,93.2,Americas,1359240139,11247351,2334.8,Lower Middle,both
150,Malawi,MWI,0.549,SSA,4.3,71.3,38.1,59.0,20.7,80.0,2.5,225.0,101.4,16.6,46.0,0.0,0.0,Africa,504386471,10416248,5616.1,Upper Middle,both
151,Mozambique,MOZ,0.548,"SSA, FS",3.7,80.9,38.7,58.0,39.2,82.5,1.6,82.0,102.0,16.4,45.0,0.1,46.5,Africa,427638276,4944678,610.7,Lower Middle,both
152,Kenya,KEN,0.542,SSA,8.0,66.3,75.4,90.0,24.6,83.8,2.2,379.0,102.1,22.8,40.0,0.2,20.9,Africa,525805353,15943230,15281.9,High,both
153,Gambia,GMB,0.528,SSA,3.7,55.3,28.1,80.0,8.6,69.4,3.2,354.0,103.2,10.0,39.0,0.1,9.3,Africa,156407432,15281530,10361.1,High,both
154,Guinea,GIN,0.527,SSA,1.5,49.8,24.0,83.0,29.6,73.8,1.5,494.0,104.5,20.8,56.0,0.0,0.0,Africa,1352420862,6524463,17958.7,Upper Middle,both
155,Bangladesh,BGD,0.526,SA,6.2,40.8,43.5,72.0,20.0,49.4,1.5,115.0,104.9,23.2,72.0,0.0,86.1,Asia,824597483,16588845,9991.4,Upper Middle,both
156,Ethiopia,ETH,0.516,"SSA, FS",1.6,62.3,38.7,44.0,39.1,80.0,2.2,195.0,105.5,26.5,52.0,0.0,67.6,Africa,316917042,186353,22316.5,High,both
157,Liberia,LBR,0.512,SSA,3.9,52.5,44.2,63.0,10.7,81.3,2.6,628.0,103.8,26.9,29.0,0.0,41.6,Africa,228904474,14265839,5471.1,High,both
158,Iraq,IRQ,0.51,"MENA, FS",5.6,11.0,14.9,85.0,28.9,48.1,1.4,66.0,105.7,15.1,67.0,0.1,56.8,Asia,1112315801,15588007,1255.6,Low,both
159,Guinea-Bissau,GNB,0.508,"SSA, FS",2.5,70.2,31.4,58.5,9.8,51.9,1.7,505.0,104.0,21.2,47.8,0.0,0.0,Africa,535159219,4072418,11411.6,High,both
160,Burkina Faso,BFA,0.507,"SSA, FS",1.6,74.8,30.7,80.0,18.3,82.5,2.2,242.0,104.2,11.2,63.0,0.3,84.8,Africa,997823759,10647052,23751.0,High,both
160,Papua New Guinea,PNG,0.507,"EAP, FS",4.3,60.7,58.6,77.4,2.7,60.0,2.4,189.0,107.6,30.6,64.8,0.3,16.0,Oceania,950429194,16937844,10668.6,Upper Middle,both
162,Nigeria,NGA,0.495,"SSA, FS",6.6,87.9,35.0,85.0,3.6,66.3,2.6,993.0,103.8,13.2,51.0,0.1,60.1,Africa,1176556061,14962677,22430.2,High,both
163,Niger,NER,0.492,"SSA, FS",1.0,79.0,10.2,43.0,19.6,53.8,3.0,350.0,104.0,12.9,63.0,0.1,29.8,Africa,1019365588,15102135,6479.9,Upper Middle,both
164,Mali,MLI,0.478,"SSA, FS",1.1,47.2,41.2,70.0,30.4,63.8,2.3,367.0,103.3,18.4,67.0,0.1,66.4,Africa,530953288,9305324,19145.4,High,both
165,Chad,TCD,0.476,"SSA, FS",1.3,57.5,22.6,49.0,35.0,66.3,1.3,748.0,104.2,16.2,43.0,0.0,18.6,Africa,1119492825,16260677,15668.7,High,both
166,Mauritania,MRT,0.475,SSA,4.2,33.9,16.1,78.0,23.3,48.1,0.8,381.0,103.3,18.3,60.0,0.0,57.0,Africa,589703527,14759975,1937.2,Lower Middle,both
167,Palestine,PSE,0.469,"MENA, FS",10.2,16.9,25.9,94.0,21.0,26.3,2.5,16.0,105.1,19.1,56.0,1.1,100.0,Asia,613606536,7868598,6793.0,Upper Middle,both
168,Madagascar,MDG,0.466,SSA,4.3,76.1,25.2,39.0,13.8,69.4,1.8,445.0,103.8,21.9,38.0,0.3,0.0,Africa,686581058,2704037,3459.4,Upper Middle,both
169,Pakistan,PAK,0.462,SA,3.9,25.3,13.5,28.0,17.4,58.8,2.3,155.0,105.5,16.2,41.0,0.0,42.8,Asia,496640252,12852831,17348.8,High,both
170,Somalia,SOM,0.455,"MENA, FS",0.9,23.0,33.7,87.0,20.1,46.9,2.0,563.0,104.4,19.8,82.0,0.1,45.2,Africa,459470310,2155462,10371.8,High,both
171,Cameroon,CMR,0.451,"SSA, FS",5.7,70.1,49.3,76.0,33.6,60.0,2.3,258.0,103.0,22.0,41.0,1.3,89.4,Africa,710572369,15634125,10394.4,High,both
172,Myanmar,MMR,0.442,"EAP, FS",6.1,52.7,46.2,94.0,15.0,58.8,1.0,185.0,106.6,10.7,38.0,0.4,100.0,Asia,444183470,14097977,9737.0,High,both
173,South Sudan,SSD,0.411,"SSA, FS",4.8,58.5,4.2,58.5,32.3,67.5,1.3,692.0,103.5,26.7,43.0,0.5,42.2,Africa,1254310987,655683,21418.3,High,both
174,Burundi,BDI,0.407,"SSA, FS",2.8,89.9,6.7,58.5,38.9,76.3,1.1,392.0,102.5,22.1,62.0,0.4,100.0,Africa,1236295615,12763769,11924.5,Upper Middle,both
175,Democratic Republic of the Congo,COD,0.405,"SSA, FS",6.1,69.2,20.5,35.0,13.5,78.8,1.3,427.0,102.3,35.6,45.0,0.1,31.3,Africa,755406286,10020077,18836.9,High,both
176,Haiti,HTI,0.399,"LAC, FS",4.8,54.3,30.0,75.5,2.5,61.3,1.1,328.0,103.1,12.2,45.0,0.8,81.8,Americas,899851350,7400350,12205.8,Upper Middle,both
177,Sudan,SDN,0.397,"MENA, FS",4.2,15.6,10.0,62.0,22.1,32.5,1.3,256.0,104.1,16.7,52.2,0.4,63.4,Africa,586134123,14624528,12141.1,High,both
178,Syrian Arab Republic,SYR,0.364,"MENA, FS",5.1,46.4,19.6,69.1,9.6,40.0,0.7,20.0,105.3,19.0,17.0,0.9,97.1,Asia,835074486,11278935,16721.9,High,both
179,Central African Republic,CAF,0.362,"SSA, FS",2.6,58.5,9.7,58.5,11.4,77.5,1.5,692.0,103.2,20.9,50.0,0.4,86.1,Africa,868273439,5538282,21012.7,High,both
180,Yemen,YEM,0.323,"MENA, FS",3.6,5.5,5.4,52.0,0.3,26.9,0.8,118.0,105.9,19.8,43.0,0.1,71.3,Asia,274088593,905143,22673.2,High,both
181,Afghanistan,AFG,0.279,"SA, FS",1.2,25.1,4.7,43.0,27.2,31.9,0.2,521.0,105.1,34.7,25.0,0.3,68.2,Asia,1271090060,909693,2098.8,Lower Middle,both
